Contributor ID,Contributor Name,Production ID,Production Title,Role
1,Steven Zaillian,1,Schindler's List,WRITER
1,Steven Zaillian,2,The Irishman,WRITER
2,Harvey Keitel,2,The Irishman,ACTOR
3,Randall Emmett,2,The Irishman,PRODUCER
4,Charles Brandt,2,The Irishman,WRITER
5,Gerald Chamales,2,The Irishman,PRODUCER
6,Martin Scorsese,2,The Irishman,DIRECTOR
7,Robert De Niro,2,The Irishman,PRODUCER
7,Robert De Niro,2,The Irishman,ACTOR
8,Joe Pesci,3,Home Alone,ACTOR
8,Joe Pesci,2,The Irishman,ACTOR
9,John Hughes,3,Home Alone,WRITER
9,John Hughes,3,Home Alone,PRODUCER
10,Macaulay Culkin,3,Home Alone,ACTOR
11,John Heard,3,Home Alone,ACTOR
12,Tarquin Gotch,3,Home Alone,PRODUCER
13,Chris Columbus,3,Home Alone,DIRECTOR
14,Mark Levinson,3,Home Alone,PRODUCER
15,Scott M. Rosenfelt,3,Home Alone,PRODUCER
16,Daniel Stern,3,Home Alone,ACTOR
17,John Williams,1,Schindler's List,MUSICIAN
17,John Williams,3,Home Alone,MUSICIAN
18,Robbie Robertson,2,The Irishman,MUSICIAN
19,Al Pacino,4,The Godfather,ACTOR
19,Al Pacino,2,The Irishman,ACTOR
20,Nino Rota,4,The Godfather,MUSICIAN
21,Francis Ford Coppola,4,The Godfather,DIRECTOR
21,Francis Ford Coppola,4,The Godfather,WRITER
22,Gray Frederickson,4,The Godfather,PRODUCER
23,Marlon Brando,4,The Godfather,ACTOR
24,Albert S. Ruddy,4,The Godfather,PRODUCER
25,Mario Puzo,4,The Godfather,WRITER
26,James Caan,4,The Godfather,ACTOR
27,Richard S. Castellano,4,The Godfather,ACTOR
28,Gabriele Israilovici,2,The Irishman,PRODUCER
29,Ralph Fiennes,1,Schindler's List,ACTOR
30,Ben Kingsley,1,Schindler's List,ACTOR
31,Gerald R. Molen,1,Schindler's List,PRODUCER
32,Steven Spielberg,1,Schindler's List,PRODUCER
32,Steven Spielberg,1,Schindler's List,DIRECTOR
33,Thomas Keneally,1,Schindler's List,WRITER
34,Branko Lustig,1,Schindler's List,PRODUCER
35,Caroline Goodall,1,Schindler's List,ACTOR
36,Liam Neeson,5,Love Actually,ACTOR
36,Liam Neeson,1,Schindler's List,ACTOR
37,Colin Firth,5,Love Actually,ACTOR
38,Eric Fellner,5,Love Actually,PRODUCER
39,Richard Curtis,5,Love Actually,DIRECTOR
39,Richard Curtis,5,Love Actually,WRITER
40,Craig Armstrong,5,Love Actually,MUSICIAN
41,Tim Bevan,5,Love Actually,PRODUCER
42,Martine McCutcheon,5,Love Actually,ACTOR
43,Hugh Grant,5,Love Actually,ACTOR
44,Duncan Kenworthy,5,Love Actually,PRODUCER
45,Eliza Hittman,6,Never Rarely Sometimes Always,WRITER
45,Eliza Hittman,6,Never Rarely Sometimes Always,DIRECTOR
46,Adele Romanski,6,Never Rarely Sometimes Always,PRODUCER
47,Talia Ryder,6,Never Rarely Sometimes Always,ACTOR
48,Eliazar Jimenez,6,Never Rarely Sometimes Always,ACTOR
49,Sara Murphy,6,Never Rarely Sometimes Always,PRODUCER
50,Sidney Flanigan,6,Never Rarely Sometimes Always,ACTOR
51,Theodore Pellerin,6,Never Rarely Sometimes Always,ACTOR
52,Julia Holter,6,Never Rarely Sometimes Always,MUSICIAN
53,Stephen King,7,The Shawshank Redemption,WRITER
54,Tim Robbins,7,The Shawshank Redemption,ACTOR
55,William Sadler,7,The Shawshank Redemption,ACTOR
56,Morgan Freeman,7,The Shawshank Redemption,ACTOR
57,Niki Marvin,7,The Shawshank Redemption,PRODUCER
58,Frank Darabont,7,The Shawshank Redemption,WRITER
58,Frank Darabont,7,The Shawshank Redemption,DIRECTOR
59,David V. Lester,7,The Shawshank Redemption,PRODUCER
60,Thomas Newman,7,The Shawshank Redemption,MUSICIAN
61,Bob Gunton,7,The Shawshank Redemption,ACTOR
62,Liz Glotzer,7,The Shawshank Redemption,PRODUCER
63,Bob Kane,8,The Dark Knight,WRITER
64,Michael Caine,8,The Dark Knight,ACTOR
65,Heath Ledger,8,The Dark Knight,ACTOR
66,Jonathan Nolan,8,The Dark Knight,WRITER
67,Christopher Nolan,8,The Dark Knight,PRODUCER
67,Christopher Nolan,9,Inception,WRITER
67,Christopher Nolan,9,Inception,PRODUCER
67,Christopher Nolan,8,The Dark Knight,WRITER
67,Christopher Nolan,8,The Dark Knight,DIRECTOR
67,Christopher Nolan,9,Inception,DIRECTOR
68,John Bernard,9,Inception,PRODUCER
69,Hans Zimmer,9,Inception,MUSICIAN
69,Hans Zimmer,8,The Dark Knight,MUSICIAN
70,Leonardo DiCaprio,10,Don't Look Up,ACTOR
70,Leonardo DiCaprio,9,Inception,ACTOR
71,Kevin J. Messick,10,Don't Look Up,PRODUCER
72,Jennifer Lawrence,10,Don't Look Up,ACTOR
73,Meryl Streep,10,Don't Look Up,ACTOR
74,Erin Charles,10,Don't Look Up,PRODUCER
75,Adam McKay,10,Don't Look Up,PRODUCER
75,Adam McKay,10,Don't Look Up,WRITER
75,Adam McKay,10,Don't Look Up,DIRECTOR
76,Nicholas Britell,10,Don't Look Up,MUSICIAN
77,David Sirota,10,Don't Look Up,WRITER
78,Cate Blanchett,10,Don't Look Up,ACTOR
79,Tom Hardy,9,Inception,ACTOR
80,Joseph Gordon-Levitt,9,Inception,ACTOR
81,Zakaria Alaoui,9,Inception,PRODUCER
82,Elliot Page,9,Inception,ACTOR
83,David S. Goyer,8,The Dark Knight,WRITER
84,Aaron Eckhart,8,The Dark Knight,ACTOR
85,Charles Roven,8,The Dark Knight,PRODUCER
86,Emma Thomas,8,The Dark Knight,PRODUCER
87,Christian Bale,8,The Dark Knight,ACTOR
88,James Newton Howard,8,The Dark Knight,MUSICIAN
89,Reginald Rose,11,12 Angry Men,PRODUCER
89,Reginald Rose,11,12 Angry Men,WRITER
90,Henry Fonda,11,12 Angry Men,PRODUCER
90,Henry Fonda,11,12 Angry Men,ACTOR
91,Lee J. Cobb,11,12 Angry Men,ACTOR
92,Sidney Lumet,11,12 Angry Men,DIRECTOR
93,Kenyon Hopkins,11,12 Angry Men,MUSICIAN
94,Martin Balsam,11,12 Angry Men,ACTOR
95,E.G. Marshall,11,12 Angry Men,ACTOR
96,George Justin,11,12 Angry Men,PRODUCER
97,Mollye Asher,12,Nomadland,PRODUCER
98,Frances McDormand,12,Nomadland,PRODUCER
98,Frances McDormand,12,Nomadland,ACTOR
99,Gay DeForest,12,Nomadland,ACTOR
100,Dan Janvey,12,Nomadland,PRODUCER
101,Chloe Zhao,12,Nomadland,DIRECTOR
101,Chloe Zhao,12,Nomadland,WRITER
102,Linda May,12,Nomadland,ACTOR
103,Jessica Bruder,12,Nomadland,WRITER
104,Ludovico Einaudi,12,Nomadland,MUSICIAN
105,Peter Spears,12,Nomadland,PRODUCER
106,David Strathairn,12,Nomadland,ACTOR
107,Daryl Hannah,13,Kill Bill Volume 1,ACTOR
108,Quentin Tarantino,14,Pulp Fiction,WRITER
108,Quentin Tarantino,13,Kill Bill Volume 1,DIRECTOR
108,Quentin Tarantino,13,Kill Bill Volume 1,WRITER
108,Quentin Tarantino,14,Pulp Fiction,DIRECTOR
109,Samuel L. Jackson,14,Pulp Fiction,ACTOR
110,Danny DeVito,14,Pulp Fiction,PRODUCER
111,Stacey Sher,14,Pulp Fiction,PRODUCER
112,Roger Avary,14,Pulp Fiction,WRITER
113,John Travolta,14,Pulp Fiction,ACTOR
114,Michael Shamberg,14,Pulp Fiction,PRODUCER
115,Tim Roth,14,Pulp Fiction,ACTOR
116,Lawrence Bender,13,Kill Bill Volume 1,PRODUCER
116,Lawrence Bender,14,Pulp Fiction,PRODUCER
117,Uma Thurman,13,Kill Bill Volume 1,ACTOR
117,Uma Thurman,13,Kill Bill Volume 1,WRITER
117,Uma Thurman,14,Pulp Fiction,ACTOR
118,Lucy Liu,13,Kill Bill Volume 1,ACTOR
119,Mitsuhisa Ishikawa,13,Kill Bill Volume 1,PRODUCER
120,RZA,13,Kill Bill Volume 1,MUSICIAN
121,David Carradine,13,Kill Bill Volume 1,ACTOR
122,Erica Steinberg,13,Kill Bill Volume 1,PRODUCER
123,E. Bennett Walsh,13,Kill Bill Volume 1,PRODUCER
124,Jane Campion,15,The Power of the Dog,PRODUCER
124,Jane Campion,15,The Power of the Dog,DIRECTOR
124,Jane Campion,15,The Power of the Dog,WRITER
125,Iain Canning,15,The Power of the Dog,PRODUCER
126,Jesse Plemons,15,The Power of the Dog,ACTOR
127,Roger Frappier,15,The Power of the Dog,PRODUCER
128,Kirsten Dunst,15,The Power of the Dog,ACTOR
129,Emile Sherman,15,The Power of the Dog,PRODUCER
130,Benedict Cumberbatch,16,Spider-Man: No Way Home,ACTOR
130,Benedict Cumberbatch,15,The Power of the Dog,ACTOR
131,Chris McKenna,16,Spider-Man: No Way Home,WRITER
132,Stan Lee,16,Spider-Man: No Way Home,WRITER
133,Victoria Alonso,16,Spider-Man: No Way Home,PRODUCER
134,Michael Giacchino,16,Spider-Man: No Way Home,MUSICIAN
135,Avi Arad,16,Spider-Man: No Way Home,PRODUCER
136,Erik Sommers,16,Spider-Man: No Way Home,WRITER
137,Mitchell Bell,16,Spider-Man: No Way Home,PRODUCER
138,Jon Watts,16,Spider-Man: No Way Home,DIRECTOR
139,Louis D'Esposito,16,Spider-Man: No Way Home,PRODUCER
140,Tom Holland,16,Spider-Man: No Way Home,ACTOR
141,Zendaya,16,Spider-Man: No Way Home,ACTOR
142,Jacob Batalon,16,Spider-Man: No Way Home,ACTOR
143,Kodi Smit-McPhee,15,The Power of the Dog,ACTOR
144,Jonny Greenwood,17,Licorice Pizza,MUSICIAN
144,Jonny Greenwood,15,The Power of the Dog,MUSICIAN
145,Jason Cloth,17,Licorice Pizza,PRODUCER
146,Alana Haim,17,Licorice Pizza,ACTOR
147,Paul Thomas Anderson,17,Licorice Pizza,WRITER
147,Paul Thomas Anderson,17,Licorice Pizza,PRODUCER
147,Paul Thomas Anderson,17,Licorice Pizza,DIRECTOR
148,Will Angarola,17,Licorice Pizza,ACTOR
149,Sean Penn,17,Licorice Pizza,ACTOR
150,Daniel Lupi,17,Licorice Pizza,PRODUCER
151,Cooper Hoffman,17,Licorice Pizza,ACTOR
152,Aaron L. Gilbert,17,Licorice Pizza,PRODUCER
153,Ross Grayson Bell,18,Fight Club,PRODUCER
154,John King,18,Fight Club,MUSICIAN
155,Jim Uhls,18,Fight Club,WRITER
156,Chuck Palahniuk,18,Fight Club,WRITER
157,Cean Chaffin,18,Fight Club,PRODUCER
158,Brad Pitt,18,Fight Club,ACTOR
159,David Fincher,18,Fight Club,DIRECTOR
160,Zach Grenier,18,Fight Club,ACTOR
161,Michael Simpson,18,Fight Club,MUSICIAN
162,Edward Norton,18,Fight Club,ACTOR
163,Art Linson,18,Fight Club,PRODUCER
164,Meat Loaf,18,Fight Club,ACTOR
165,Ryan Findley,19,First Cow,ACTOR
166,Kelly Reichardt,19,First Cow,WRITER
166,Kelly Reichardt,19,First Cow,DIRECTOR
167,Dylan Smith,19,First Cow,ACTOR
168,Neil Kopp,19,First Cow,PRODUCER
169,Alia Shawkat,19,First Cow,ACTOR
170,Jonathan Raymond,19,First Cow,WRITER
171,Anish Savjani,19,First Cow,PRODUCER
172,John Magaro,19,First Cow,ACTOR
173,William Tyler,19,First Cow,MUSICIAN
174,Vincent Savino,19,First Cow,PRODUCER
175,Haruki Murakami,20,Drive my car,WRITER
176,Hidetoshi Nishijima,20,Drive my car,ACTOR
177,Yoo-rim Park,20,Drive my car,ACTOR
178,Takamasa Oe,20,Drive my car,WRITER
179,Tsuyoshi Goro,20,Drive my car,PRODUCER
180,Misaki Kawamura,20,Drive my car,PRODUCER
181,Ryusuke Hamaguchi,20,Drive my car,DIRECTOR
181,Ryusuke Hamaguchi,20,Drive my car,WRITER
182,Toko Miura,20,Drive my car,ACTOR
183,Reika Kirishima,20,Drive my car,ACTOR
184,Osamu Kubota,20,Drive my car,PRODUCER
185,Sachio Matsushita,20,Drive my car,PRODUCER
186,Eiko Ishibashi,20,Drive my car,MUSICIAN
187,Barrie M. Osborne,21,The Matrix,PRODUCER
187,Barrie M. Osborne,22,The Lord of the Rings: The Fellowship of the Ring,PRODUCER
188,Ian McKellen,22,The Lord of the Rings: The Fellowship of the Ring,ACTOR
189,Fran Walsh,22,The Lord of the Rings: The Fellowship of the Ring,PRODUCER
189,Fran Walsh,22,The Lord of the Rings: The Fellowship of the Ring,WRITER
190,Orlando Bloom,22,The Lord of the Rings: The Fellowship of the Ring,ACTOR
191,J.R.R. Tolkien,22,The Lord of the Rings: The Fellowship of the Ring,WRITER
192,Elijah Wood,22,The Lord of the Rings: The Fellowship of the Ring,ACTOR
193,Howard Shore,22,The Lord of the Rings: The Fellowship of the Ring,MUSICIAN
194,Sala Baker,22,The Lord of the Rings: The Fellowship of the Ring,ACTOR
195,Philippa Boyens,22,The Lord of the Rings: The Fellowship of the Ring,WRITER
196,Peter Jackson,22,The Lord of the Rings: The Fellowship of the Ring,DIRECTOR
196,Peter Jackson,22,The Lord of the Rings: The Fellowship of the Ring,PRODUCER
197,Tim Sanders,22,The Lord of the Rings: The Fellowship of the Ring,PRODUCER
198,Bruce Berman,21,The Matrix,PRODUCER
199,Keanu Reeves,21,The Matrix,ACTOR
200,Andrew Mason,21,The Matrix,PRODUCER
201,Laurence Fishburne,21,The Matrix,ACTOR
202,Lilly Wachowski,21,The Matrix,DIRECTOR
202,Lilly Wachowski,21,The Matrix,WRITER
203,Joel Silver,21,The Matrix,PRODUCER
204,Don Davis,21,The Matrix,MUSICIAN
205,Yahya Abdul-Mateen II,21,The Matrix,ACTOR
206,Lana Wachowski,21,The Matrix,WRITER
206,Lana Wachowski,21,The Matrix,DIRECTOR
207,Carrie-Anne Moss,21,The Matrix,ACTOR
208,Jaeil Jung,23,Parasite,MUSICIAN
209,Yeo-jeong Cho,23,Parasite,ACTOR
210,Woo-sik Choi,23,Parasite,ACTOR
211,Bong Joon Ho,23,Parasite,PRODUCER
211,Bong Joon Ho,23,Parasite,DIRECTOR
211,Bong Joon Ho,23,Parasite,WRITER
212,Sin-ae Kwak,23,Parasite,PRODUCER
213,Moon Yang Kwon,23,Parasite,PRODUCER
214,Jin-won Han,23,Parasite,WRITER
215,Kang-ho Song,23,Parasite,ACTOR
216,Sun-kyun Lee,23,Parasite,ACTOR
217,Anders Danielsen Lie,24,The Worst Person in the World,ACTOR
218,Andrea Berentsen Ottmar,24,The Worst Person in the World,PRODUCER
219,Joachim Trier,24,The Worst Person in the World,WRITER
219,Joachim Trier,24,The Worst Person in the World,DIRECTOR
220,Tom Kjeseth,24,The Worst Person in the World,PRODUCER
221,Maria Grazia Di Meo,24,The Worst Person in the World,ACTOR
222,Dyveke Bjorkly Graver,24,The Worst Person in the World,PRODUCER
223,Thomas Robsahm,24,The Worst Person in the World,PRODUCER
224,Eskil Vogt,24,The Worst Person in the World,WRITER
225,Renate Reinsve,24,The Worst Person in the World,ACTOR
226,Mia McGovern Zaini,24,The Worst Person in the World,ACTOR
227,Ola Flottum,24,The Worst Person in the World,MUSICIAN
228,Adele Haenel,25,Portrait of a Lady on Fire.,ACTOR
229,Valeria Golino,25,Portrait of a Lady on Fire.,ACTOR
230,Noemie Merlant,25,Portrait of a Lady on Fire.,ACTOR
231,Jean-Baptiste de Laubier,25,Portrait of a Lady on Fire.,MUSICIAN
232,Benedicte Couvreur,25,Portrait of a Lady on Fire.,PRODUCER
233,Luana Bajrami,25,Portrait of a Lady on Fire.,ACTOR
234,Arthur Simonini,25,Portrait of a Lady on Fire.,MUSICIAN
235,Celine Sciamma,25,Portrait of a Lady on Fire.,WRITER
235,Celine Sciamma,25,Portrait of a Lady on Fire.,DIRECTOR
236,Reinhold Weege,26,Night Court,WRITER
237,Harry Anderson,26,Night Court,ACTOR
238,John Larroquette,26,Night Court,ACTOR
239,Jeff Melman,26,Night Court,DIRECTOR
240,Charles Robinson,26,Night Court,ACTOR
241,Tim Steele,26,Night Court,PRODUCER
242,Richard Moll,26,Night Court,ACTOR
243,Jim Drake,26,Night Court,DIRECTOR
244,Dan Harmon,28,Community,PRODUCER
244,Dan Harmon,27,Rick and Morty,WRITER
244,Dan Harmon,28,Community,WRITER
244,Dan Harmon,27,Rick and Morty,PRODUCER
245,Joe Russo,28,Community,DIRECTOR
246,Alison Brie,28,Community,ACTOR
246,Alison Brie,29,Bojack Horseman,ACTOR
247,Amy Sedaris,29,Bojack Horseman,ACTOR
248,Raphael Bob-Waksberg,29,Bojack Horseman,WRITER
248,Raphael Bob-Waksberg,29,Bojack Horseman,PRODUCER
249,Will Arnett,29,Bojack Horseman,PRODUCER
249,Will Arnett,30,Arrested Development,ACTOR
249,Will Arnett,29,Bojack Horseman,ACTOR
250,Portia de Rossi,30,Arrested Development,ACTOR
251,Mitchell Hurwitz,30,Arrested Development,DIRECTOR
251,Mitchell Hurwitz,30,Arrested Development,PRODUCER
251,Mitchell Hurwitz,30,Arrested Development,WRITER
252,Ron Howard,30,Arrested Development,PRODUCER
253,Troy Miller,30,Arrested Development,DIRECTOR
254,Jason Bateman,30,Arrested Development,ACTOR
255,Michael Cera,30,Arrested Development,ACTOR
256,Nick Runyeard,30,Arrested Development,WRITER
257,Brian Grazer,30,Arrested Development,PRODUCER
258,David Schwartz,30,Arrested Development,MUSICIAN
259,Aaron Paul,29,Bojack Horseman,ACTOR
260,Amy Winfrey,29,Bojack Horseman,DIRECTOR
261,Tristram Shapeero,28,Community,DIRECTOR
262,Jake Aust,28,Community,PRODUCER
263,Patrick Kienlen,28,Community,PRODUCER
264,Gillian Jacobs,28,Community,ACTOR
265,Ludwig Goransson,28,Community,MUSICIAN
266,Danny Pudi,28,Community,ACTOR
267,Joel McHale,28,Community,ACTOR
268,Justin Roiland,27,Rick and Morty,PRODUCER
268,Justin Roiland,27,Rick and Morty,ACTOR
268,Justin Roiland,27,Rick and Morty,WRITER
269,Pete Michels,27,Rick and Morty,DIRECTOR
270,Spencer Grammer,27,Rick and Morty,ACTOR
271,Chris Parnell,27,Rick and Morty,ACTOR
272,Keith Crofford,27,Rick and Morty,PRODUCER
273,Sarah Chalke,27,Rick and Morty,ACTOR
274,Ryan Elder,27,Rick and Morty,MUSICIAN
275,Nathan Litz,27,Rick and Morty,DIRECTOR
276,Wesley Archer,27,Rick and Morty,DIRECTOR
277,Kevin Bray,31,Insecure,DIRECTOR
278,Jonathan Berry,31,Insecure,PRODUCER
279,Jay Ellis,31,Insecure,ACTOR
280,Melina Matsoukas,31,Insecure,DIRECTOR
281,Issa Rae,31,Insecure,WRITER
281,Issa Rae,31,Insecure,ACTOR
282,Larry Wilmore,31,Insecure,WRITER
283,Dave Becky,31,Insecure,PRODUCER
284,Yvonne Orji,31,Insecure,ACTOR
285,Raphael Saadiq,31,Insecure,MUSICIAN
286,Natasha Rothwell,31,Insecure,ACTOR
287,Amy Aniobi,31,Insecure,PRODUCER
288,Sam Simon,32,The Simpsons,PRODUCER
288,Sam Simon,32,The Simpsons,WRITER
289,Julie Kavner,32,The Simpsons,ACTOR
290,Dan Castellaneta,32,The Simpsons,ACTOR
291,Harry Shearer,32,The Simpsons,ACTOR
292,Matt Groening,32,The Simpsons,WRITER
292,Matt Groening,32,The Simpsons,PRODUCER
293,James L. Brooks,32,The Simpsons,PRODUCER
293,James L. Brooks,32,The Simpsons,WRITER
294,Mike B. Anderson,32,The Simpsons,DIRECTOR
295,Alf Clausen,32,The Simpsons,MUSICIAN
296,Nancy Cartwright,32,The Simpsons,ACTOR
297,Alex Hirsch,33,Gravity Falls,PRODUCER
297,Alex Hirsch,33,Gravity Falls,ACTOR
297,Alex Hirsch,33,Gravity Falls,WRITER
298,Jason Ritter,33,Gravity Falls,ACTOR
299,Rob Renzetti,33,Gravity Falls,PRODUCER
300,John Aoshima,33,Gravity Falls,DIRECTOR
301,Brad Breeck,33,Gravity Falls,MUSICIAN
302,Joe Pitt,33,Gravity Falls,DIRECTOR
303,Kristen Schaal,33,Gravity Falls,ACTOR
304,Linda Cardellini,34,Freaks And Geeks,ACTOR
304,Linda Cardellini,33,Gravity Falls,ACTOR
305,Paul Feig,35,The Office,DIRECTOR
305,Paul Feig,34,Freaks And Geeks,WRITER
305,Paul Feig,34,Freaks And Geeks,PRODUCER
306,Steve Carell,35,The Office,ACTOR
307,John Krasinski,35,The Office,ACTOR
308,Greg Daniels,35,The Office,WRITER
308,Greg Daniels,36,Parks And Recreation,DIRECTOR
308,Greg Daniels,35,The Office,PRODUCER
308,Greg Daniels,36,Parks And Recreation,PRODUCER
309,Amy Poehler,36,Parks And Recreation,ACTOR
310,Jim O'Heir,36,Parks And Recreation,ACTOR
311,Dean Holland,36,Parks And Recreation,DIRECTOR
312,Howard Klein,36,Parks And Recreation,PRODUCER
313,Michael Schur,36,Parks And Recreation,DIRECTOR
314,Mark Rivers,36,Parks And Recreation,MUSICIAN
315,Aubrey Plaza,36,Parks And Recreation,ACTOR
316,Morgan Sackett,36,Parks And Recreation,PRODUCER
317,Nick Offerman,36,Parks And Recreation,ACTOR
318,Stephen Merchant,35,The Office,PRODUCER
318,Stephen Merchant,35,The Office,WRITER
319,Randall Einhorn,35,The Office,DIRECTOR
320,Leslie David Baker,35,The Office,ACTOR
321,Jay Ferguson,35,The Office,MUSICIAN
322,Jenna Fischer,35,The Office,ACTOR
323,Ricky Gervais,35,The Office,WRITER
323,Ricky Gervais,35,The Office,PRODUCER
324,Kerri Drootin,35,The Office,MUSICIAN
325,Ken Kwapis,35,The Office,DIRECTOR
326,Judd Apatow,34,Freaks And Geeks,DIRECTOR
326,Judd Apatow,34,Freaks And Geeks,PRODUCER
326,Judd Apatow,34,Freaks And Geeks,WRITER
327,Samm Levine,34,Freaks And Geeks,ACTOR
328,James Franco,34,Freaks And Geeks,ACTOR
329,Michael Andrews,34,Freaks And Geeks,MUSICIAN
330,Jake Kasdan,34,Freaks And Geeks,DIRECTOR
331,John Francis Daley,34,Freaks And Geeks,ACTOR
332,Trey Parker,37,South Park,ACTOR
332,Trey Parker,37,South Park,PRODUCER
332,Trey Parker,37,South Park,WRITER
332,Trey Parker,37,South Park,DIRECTOR
333,Matt Stone,37,South Park,ACTOR
333,Matt Stone,37,South Park,PRODUCER
333,Matt Stone,37,South Park,WRITER
334,Mona Marshall,37,South Park,ACTOR
335,Brian Graden,37,South Park,WRITER
336,Jamie Dunlap,37,South Park,MUSICIAN
337,Scott Nickoley,37,South Park,MUSICIAN
338,Anne Garefino,37,South Park,PRODUCER
339,April Stewart,37,South Park,ACTOR
340,Jonathan Krisel,38,Baskets,DIRECTOR
340,Jonathan Krisel,38,Baskets,WRITER
340,Jonathan Krisel,38,Baskets,PRODUCER
341,Louie Anderson,38,Baskets,ACTOR
342,Louis C.K.,38,Baskets,WRITER
343,Zach Galifianakis,38,Baskets,WRITER
343,Zach Galifianakis,38,Baskets,PRODUCER
343,Zach Galifianakis,38,Baskets,ACTOR
344,Joshua Moshier,38,Baskets,MUSICIAN
345,Martha Kelly,38,Baskets,ACTOR
346,Alex Morris,38,Baskets,ACTOR
347,Blair Breard,38,Baskets,PRODUCER
348,Matt LeBlanc,39,Friends,ACTOR
349,Kevin Bright,39,Friends,DIRECTOR
349,Kevin Bright,39,Friends,PRODUCER
350,Michael Lembeck,39,Friends,DIRECTOR
351,Marta Kauffman,39,Friends,PRODUCER
351,Marta Kauffman,39,Friends,WRITER
352,Jennifer Aniston,39,Friends,ACTOR
353,Gary Halvorson,39,Friends,DIRECTOR
354,David Crane,39,Friends,PRODUCER
354,David Crane,39,Friends,WRITER
355,Lisa Kudrow,39,Friends,ACTOR
356,Courteney Cox,39,Friends,ACTOR
357,Michael Skloff,39,Friends,MUSICIAN
358,Steven Molaro,40,The Big Bang Theory,PRODUCER
359,Chuck Lorre,40,The Big Bang Theory,WRITER
359,Chuck Lorre,40,The Big Bang Theory,PRODUCER
360,Johnny Galecki,40,The Big Bang Theory,ACTOR
361,Kaley Cuoco,40,The Big Bang Theory,ACTOR
362,Bill Prady,40,The Big Bang Theory,PRODUCER
362,Bill Prady,40,The Big Bang Theory,WRITER
363,Mark Cendrowski,40,The Big Bang Theory,DIRECTOR
364,Jim Parsons,40,The Big Bang Theory,ACTOR
365,Simon Helberg,40,The Big Bang Theory,ACTOR
366,Tom Cherones,41,Seinfeld,DIRECTOR
367,Jerry Seinfeld,41,Seinfeld,WRITER
367,Jerry Seinfeld,41,Seinfeld,ACTOR
368,Jason Alexander,41,Seinfeld,ACTOR
369,Julia Louis-Dreyfus,41,Seinfeld,ACTOR
370,Andy Ackerman,41,Seinfeld,DIRECTOR
371,George Shapiro,41,Seinfeld,PRODUCER
372,Jonathan Wolff,41,Seinfeld,MUSICIAN
373,Tim Kaiser,41,Seinfeld,PRODUCER
374,Larry David,42,Curb Your Enthusiasm,WRITER
374,Larry David,42,Curb Your Enthusiasm,ACTOR
374,Larry David,41,Seinfeld,WRITER
374,Larry David,42,Curb Your Enthusiasm,PRODUCER
375,Jeff Garlin,42,Curb Your Enthusiasm,PRODUCER
375,Jeff Garlin,42,Curb Your Enthusiasm,ACTOR
375,Jeff Garlin,43,The Marvelous Mrs. Maisel,PRODUCER
376,Amy Sherman-Palladino,43,The Marvelous Mrs. Maisel,WRITER
376,Amy Sherman-Palladino,43,The Marvelous Mrs. Maisel,PRODUCER
376,Amy Sherman-Palladino,43,The Marvelous Mrs. Maisel,DIRECTOR
377,Marin Hinkle,43,The Marvelous Mrs. Maisel,ACTOR
378,Michael Zegen,43,The Marvelous Mrs. Maisel,ACTOR
379,Daniel Palladino,43,The Marvelous Mrs. Maisel,WRITER
379,Daniel Palladino,43,The Marvelous Mrs. Maisel,DIRECTOR
380,Sam Phillips,43,The Marvelous Mrs. Maisel,MUSICIAN
381,Eric Gorfain,43,The Marvelous Mrs. Maisel,MUSICIAN
382,Rachel Brosnahan,43,The Marvelous Mrs. Maisel,ACTOR
383,Jeff Schaffer,42,Curb Your Enthusiasm,PRODUCER
383,Jeff Schaffer,43,The Marvelous Mrs. Maisel,PRODUCER
383,Jeff Schaffer,42,Curb Your Enthusiasm,DIRECTOR
384,Alex Borstein,43,The Marvelous Mrs. Maisel,ACTOR
385,Robert B. Weide,42,Curb Your Enthusiasm,DIRECTOR
386,Aaron Kaplan,42,Curb Your Enthusiasm,MUSICIAN
387,Susie Essman,42,Curb Your Enthusiasm,ACTOR
388,Cheryl Hines,42,Curb Your Enthusiasm,ACTOR
389,Howard West,41,Seinfeld,PRODUCER
390,Michael Richards,41,Seinfeld,ACTOR
391,Caroline Leddy,44,Derry Girls,PRODUCER
392,Jamie-Lee O'Donnell,44,Derry Girls,ACTOR
393,Lisa McGee,44,Derry Girls,PRODUCER
393,Lisa McGee,44,Derry Girls,WRITER
394,Saoirse-Monica Jackson,44,Derry Girls,ACTOR
395,Liz Lewin,44,Derry Girls,PRODUCER
396,Nicola Coughlan,44,Derry Girls,ACTOR
397,Michael Lennox,44,Derry Girls,DIRECTOR
398,Nick Frenkel,45,It's Always Sunny in Philadelphia,PRODUCER
399,Glenn Howerton,45,It's Always Sunny in Philadelphia,WRITER
399,Glenn Howerton,45,It's Always Sunny in Philadelphia,ACTOR
400,Jeff Luini,45,It's Always Sunny in Philadelphia,PRODUCER
401,Charlie Day,45,It's Always Sunny in Philadelphia,ACTOR
401,Charlie Day,45,It's Always Sunny in Philadelphia,PRODUCER
402,Matt Shakman,45,It's Always Sunny in Philadelphia,DIRECTOR
403,Rob McElhenney,45,It's Always Sunny in Philadelphia,WRITER
403,Rob McElhenney,45,It's Always Sunny in Philadelphia,ACTOR
404,Cormac Bluestone,45,It's Always Sunny in Philadelphia,MUSICIAN
405,Kaitlin Olson,45,It's Always Sunny in Philadelphia,ACTOR
