Sitcom ID,Title,Contributor ID,Contributor Name,Role
26,Night Court,236,Tim Steele,PRODUCER
26,Night Court,237,Jim Drake,DIRECTOR
26,Night Court,238,Harry Anderson,ACTOR
26,Night Court,239,Jeff Melman,DIRECTOR
26,Night Court,240,John Larroquette,ACTOR
26,Night Court,241,Richard Moll,ACTOR
26,Night Court,242,Charles Robinson,ACTOR
26,Night Court,243,Reinhold Weege,WRITER
27,Rick and Morty,244,Ryan Elder,MUSICIAN
27,Rick and Morty,245,Sarah Chalke,ACTOR
27,Rick and Morty,246,Spencer Grammer,ACTOR
27,Rick and Morty,247,Justin Roiland,ACTOR
27,Rick and Morty,248,Keith Crofford,PRODUCER
27,Rick and Morty,247,Justin Roiland,WRITER
27,Rick and Morty,249,Wesley Archer,DIRECTOR
27,Rick and Morty,250,Dan Harmon,PRODUCER
27,Rick and Morty,274,Pete Michels,DIRECTOR
27,Rick and Morty,275,Chris Parnell,ACTOR
27,Rick and Morty,250,Dan Harmon,WRITER
27,Rick and Morty,247,Justin Roiland,PRODUCER
27,Rick and Morty,276,Nathan Litz,DIRECTOR
28,Community,250,Dan Harmon,PRODUCER
28,Community,251,Ludwig Goransson,MUSICIAN
28,Community,252,Joe Russo,DIRECTOR
28,Community,253,Gillian Jacobs,ACTOR
28,Community,250,Dan Harmon,WRITER
28,Community,254,Danny Pudi,ACTOR
28,Community,255,Tristram Shapeero,DIRECTOR
28,Community,256,Jake Aust,PRODUCER
28,Community,257,Joel McHale,ACTOR
28,Community,258,Alison Brie,ACTOR
28,Community,273,Patrick Kienlen,PRODUCER
29,Bojack Horseman,259,Raphael Bob-Waksberg,WRITER
29,Bojack Horseman,260,Will Arnett,PRODUCER
29,Bojack Horseman,270,Amy Sedaris,ACTOR
29,Bojack Horseman,259,Raphael Bob-Waksberg,PRODUCER
29,Bojack Horseman,258,Alison Brie,ACTOR
29,Bojack Horseman,271,Aaron Paul,ACTOR
29,Bojack Horseman,272,Amy Winfrey,DIRECTOR
29,Bojack Horseman,260,Will Arnett,ACTOR
30,Arrested Development,261,Ron Howard,PRODUCER
30,Arrested Development,262,Portia de Rossi,ACTOR
30,Arrested Development,263,Jason Bateman,ACTOR
30,Arrested Development,264,Brian Grazer,PRODUCER
30,Arrested Development,265,Mitchell Hurwitz,DIRECTOR
30,Arrested Development,265,Mitchell Hurwitz,WRITER
30,Arrested Development,266,Nick Runyeard,WRITER
30,Arrested Development,265,Mitchell Hurwitz,PRODUCER
30,Arrested Development,267,Michael Cera,ACTOR
30,Arrested Development,260,Will Arnett,ACTOR
30,Arrested Development,268,Troy Miller,DIRECTOR
30,Arrested Development,269,David Schwartz,MUSICIAN
31,Insecure,277,Kevin Bray,DIRECTOR
31,Insecure,278,Jay Ellis,ACTOR
31,Insecure,279,Yvonne Orji,ACTOR
31,Insecure,280,Amy Aniobi,PRODUCER
31,Insecure,281,Melina Matsoukas,DIRECTOR
31,Insecure,282,Larry Wilmore,WRITER
31,Insecure,283,Dave Becky,PRODUCER
31,Insecure,284,Jonathan Berry,PRODUCER
31,Insecure,285,Raphael Saadiq,MUSICIAN
31,Insecure,286,Natasha Rothwell,ACTOR
31,Insecure,287,Issa Rae,WRITER
31,Insecure,287,Issa Rae,ACTOR
32,The Simpsons,288,Julie Kavner,ACTOR
32,The Simpsons,289,Sam Simon,WRITER
32,The Simpsons,290,James L. Brooks,WRITER
32,The Simpsons,291,Matt Groening,PRODUCER
32,The Simpsons,292,Harry Shearer,ACTOR
32,The Simpsons,293,Nancy Cartwright,ACTOR
32,The Simpsons,294,Mike B. Anderson,DIRECTOR
32,The Simpsons,289,Sam Simon,PRODUCER
32,The Simpsons,290,James L. Brooks,PRODUCER
32,The Simpsons,295,Dan Castellaneta,ACTOR
32,The Simpsons,296,Alf Clausen,MUSICIAN
32,The Simpsons,291,Matt Groening,WRITER
33,Gravity Falls,297,Rob Renzetti,PRODUCER
33,Gravity Falls,298,Jason Ritter,ACTOR
33,Gravity Falls,299,Alex Hirsch,ACTOR
33,Gravity Falls,300,John Aoshima,DIRECTOR
33,Gravity Falls,301,Joe Pitt,DIRECTOR
33,Gravity Falls,299,Alex Hirsch,PRODUCER
33,Gravity Falls,302,Linda Cardellini,ACTOR
33,Gravity Falls,330,Brad Breeck,MUSICIAN
33,Gravity Falls,299,Alex Hirsch,WRITER
33,Gravity Falls,331,Kristen Schaal,ACTOR
34,Freaks And Geeks,303,Paul Feig,PRODUCER
34,Freaks And Geeks,324,Judd Apatow,DIRECTOR
34,Freaks And Geeks,303,Paul Feig,WRITER
34,Freaks And Geeks,325,Jake Kasdan,DIRECTOR
34,Freaks And Geeks,324,Judd Apatow,WRITER
34,Freaks And Geeks,326,Samm Levine,ACTOR
34,Freaks And Geeks,324,Judd Apatow,PRODUCER
34,Freaks And Geeks,327,John Francis Daley,ACTOR
34,Freaks And Geeks,328,James Franco,ACTOR
34,Freaks And Geeks,302,Linda Cardellini,ACTOR
34,Freaks And Geeks,329,Michael Andrews,MUSICIAN
35,The Office,304,Leslie David Baker,ACTOR
35,The Office,305,Stephen Merchant,WRITER
35,The Office,306,Jenna Fischer,ACTOR
35,The Office,307,Jay Ferguson,MUSICIAN
35,The Office,308,Ricky Gervais,PRODUCER
35,The Office,309,Greg Daniels,PRODUCER
35,The Office,319,Randall Einhorn,DIRECTOR
35,The Office,320,Kerri Drootin,MUSICIAN
35,The Office,321,Steve Carell,ACTOR
35,The Office,303,Paul Feig,DIRECTOR
35,The Office,309,Greg Daniels,WRITER
35,The Office,322,John Krasinski,ACTOR
35,The Office,308,Ricky Gervais,WRITER
35,The Office,305,Stephen Merchant,PRODUCER
35,The Office,323,Ken Kwapis,DIRECTOR
36,Parks And Recreation,310,Dean Holland,DIRECTOR
36,Parks And Recreation,309,Greg Daniels,DIRECTOR
36,Parks And Recreation,311,Howard Klein,PRODUCER
36,Parks And Recreation,312,Jim O'Heir,ACTOR
36,Parks And Recreation,313,Morgan Sackett,PRODUCER
36,Parks And Recreation,314,Amy Poehler,ACTOR
36,Parks And Recreation,315,Michael Schur,DIRECTOR
36,Parks And Recreation,316,Aubrey Plaza,ACTOR
36,Parks And Recreation,309,Greg Daniels,PRODUCER
36,Parks And Recreation,317,Nick Offerman,ACTOR
36,Parks And Recreation,318,Mark Rivers,MUSICIAN
37,South Park,332,Trey Parker,ACTOR
37,South Park,333,Matt Stone,ACTOR
37,South Park,332,Trey Parker,DIRECTOR
37,South Park,334,Jamie Dunlap,MUSICIAN
37,South Park,335,Anne Garefino,PRODUCER
37,South Park,333,Matt Stone,WRITER
37,South Park,332,Trey Parker,PRODUCER
37,South Park,333,Matt Stone,PRODUCER
37,South Park,336,April Stewart,ACTOR
37,South Park,337,Brian Graden,WRITER
37,South Park,338,Scott Nickoley,MUSICIAN
37,South Park,332,Trey Parker,WRITER
37,South Park,339,Mona Marshall,ACTOR
38,Baskets,340,Jonathan Krisel,DIRECTOR
38,Baskets,341,Joshua Moshier,MUSICIAN
38,Baskets,342,Martha Kelly,ACTOR
38,Baskets,343,Blair Breard,PRODUCER
38,Baskets,344,Zach Galifianakis,WRITER
38,Baskets,345,Louis C.K.,WRITER
38,Baskets,346,Louie Anderson,ACTOR
38,Baskets,344,Zach Galifianakis,PRODUCER
38,Baskets,344,Zach Galifianakis,ACTOR
38,Baskets,347,Alex Morris,ACTOR
38,Baskets,340,Jonathan Krisel,PRODUCER
38,Baskets,340,Jonathan Krisel,WRITER
39,Friends,348,Michael Lembeck,DIRECTOR
39,Friends,349,Kevin Bright,PRODUCER
39,Friends,350,Jennifer Aniston,ACTOR
39,Friends,351,Marta Kauffman,WRITER
39,Friends,352,Courteney Cox,ACTOR
39,Friends,353,David Crane,PRODUCER
39,Friends,354,Michael Skloff,MUSICIAN
39,Friends,355,Gary Halvorson,DIRECTOR
39,Friends,353,David Crane,WRITER
39,Friends,356,Matt LeBlanc,ACTOR
39,Friends,351,Marta Kauffman,PRODUCER
39,Friends,357,Lisa Kudrow,ACTOR
39,Friends,349,Kevin Bright,DIRECTOR
40,The Big Bang Theory,358,Chuck Lorre,WRITER
40,The Big Bang Theory,359,Johnny Galecki,ACTOR
40,The Big Bang Theory,358,Chuck Lorre,PRODUCER
40,The Big Bang Theory,360,Steven Molaro,PRODUCER
40,The Big Bang Theory,361,Bill Prady,WRITER
40,The Big Bang Theory,362,Kaley Cuoco,ACTOR
40,The Big Bang Theory,363,Simon Helberg,ACTOR
40,The Big Bang Theory,364,Mark Cendrowski,DIRECTOR
40,The Big Bang Theory,361,Bill Prady,PRODUCER
40,The Big Bang Theory,365,Jim Parsons,ACTOR
41,Seinfeld,366,Tom Cherones,DIRECTOR
41,Seinfeld,367,Howard West,PRODUCER
41,Seinfeld,368,Jason Alexander,ACTOR
41,Seinfeld,369,George Shapiro,PRODUCER
41,Seinfeld,370,Jerry Seinfeld,WRITER
41,Seinfeld,371,Jonathan Wolff,MUSICIAN
41,Seinfeld,372,Julia Louis-Dreyfus,ACTOR
41,Seinfeld,373,Andy Ackerman,DIRECTOR
41,Seinfeld,370,Jerry Seinfeld,ACTOR
41,Seinfeld,374,Larry David,WRITER
41,Seinfeld,389,Tim Kaiser,PRODUCER
41,Seinfeld,390,Michael Richards,ACTOR
42,Curb Your Enthusiasm,375,Robert B. Weide,DIRECTOR
42,Curb Your Enthusiasm,374,Larry David,WRITER
42,Curb Your Enthusiasm,374,Larry David,PRODUCER
42,Curb Your Enthusiasm,376,Aaron Kaplan,MUSICIAN
42,Curb Your Enthusiasm,377,Jeff Schaffer,DIRECTOR
42,Curb Your Enthusiasm,380,Jeff Garlin,PRODUCER
42,Curb Your Enthusiasm,387,Susie Essman,ACTOR
42,Curb Your Enthusiasm,380,Jeff Garlin,ACTOR
42,Curb Your Enthusiasm,374,Larry David,ACTOR
42,Curb Your Enthusiasm,388,Cheryl Hines,ACTOR
42,Curb Your Enthusiasm,377,Jeff Schaffer,PRODUCER
43,The Marvelous Mrs. Maisel,378,Amy Sherman-Palladino,WRITER
43,The Marvelous Mrs. Maisel,377,Jeff Schaffer,PRODUCER
43,The Marvelous Mrs. Maisel,379,Rachel Brosnahan,ACTOR
43,The Marvelous Mrs. Maisel,380,Jeff Garlin,PRODUCER
43,The Marvelous Mrs. Maisel,381,Daniel Palladino,DIRECTOR
43,The Marvelous Mrs. Maisel,378,Amy Sherman-Palladino,PRODUCER
43,The Marvelous Mrs. Maisel,381,Daniel Palladino,WRITER
43,The Marvelous Mrs. Maisel,382,Marin Hinkle,ACTOR
43,The Marvelous Mrs. Maisel,383,Michael Zegen,ACTOR
43,The Marvelous Mrs. Maisel,378,Amy Sherman-Palladino,DIRECTOR
43,The Marvelous Mrs. Maisel,384,Sam Phillips,MUSICIAN
43,The Marvelous Mrs. Maisel,385,Eric Gorfain,MUSICIAN
43,The Marvelous Mrs. Maisel,386,Alex Borstein,ACTOR
44,Derry Girls,391,Jamie-Lee O'Donnell,ACTOR
44,Derry Girls,392,Michael Lennox,DIRECTOR
44,Derry Girls,393,Saoirse-Monica Jackson,ACTOR
44,Derry Girls,394,Lisa McGee,PRODUCER
44,Derry Girls,394,Lisa McGee,WRITER
44,Derry Girls,395,Nicola Coughlan,ACTOR
44,Derry Girls,396,Caroline Leddy,PRODUCER
44,Derry Girls,397,Liz Lewin,PRODUCER
45,It's Always Sunny in Philadelphia,398,Charlie Day,PRODUCER
45,It's Always Sunny in Philadelphia,399,Rob McElhenney,WRITER
45,It's Always Sunny in Philadelphia,398,Charlie Day,ACTOR
45,It's Always Sunny in Philadelphia,400,Jeff Luini,PRODUCER
45,It's Always Sunny in Philadelphia,401,Glenn Howerton,WRITER
45,It's Always Sunny in Philadelphia,401,Glenn Howerton,ACTOR
45,It's Always Sunny in Philadelphia,402,Kaitlin Olson,ACTOR
45,It's Always Sunny in Philadelphia,403,Cormac Bluestone,MUSICIAN
45,It's Always Sunny in Philadelphia,404,Nick Frenkel,PRODUCER
45,It's Always Sunny in Philadelphia,405,Matt Shakman,DIRECTOR
45,It's Always Sunny in Philadelphia,399,Rob McElhenney,ACTOR
